username,tweet
ardianitaap,herpes kalik pengirim
ardianitaap,habis cari kitab suci
ardianitaap,coba lang
ardianitaap,kenapa tawa sayang sekali
ardianitaap,umur hal bang
ardianitaap,semangat ibu hamil
ardianitaap,tidak menstruasi nabrak meja hari meja salahin ros
ardianitaap,suka kumis agar maniez
ardianitaap,siam
ardianitaap,utama tawa
ardianitaap,maaf titit saru ceng
ardianitaap,gaz
ardianitaap,saudara nama jola babu rumah ini pasu seret rejekinya jola semoga buat jola kenyang malu
ardianitaap,sih oleh
ardianitaap,suapin pengirim cuma nafsu cemil tempat sampah raja canin pulih agar cemil masuk
ardianitaap,spertinya trauma sesuatu ada suara keras buat takut benda bom sembuyi hilang masih aman bom fase tekan
ardianitaap,yakduh
ardianitaap,cepat sembuh meong
ardianitaap,dulu begitu saya kasi scadix totol begitu pagi sembuh
ardianitaap,ketemu geng belah muka rem tawa
ardianitaap,mboh karma datang mugo mugo kuping bolong genti podo sik lakoke
ardianitaap,cepat sembuh mil
ardianitaap,kasi raja canin rocevery pengirim suapin semoga cepat sehat
ardianitaap,seperti gadis petakilan
ardianitaap,sahabat sambat
ardianitaap,pergi tawa
ardianitaap,seperti kucing pengirim ngeremehin saran suruh kasi air kelapa muda akhir mati antisipasi kasi kelapa muda pengirim sudah gakmau cemil susah entar
ardianitaap,usahain pakai air hangat pengirim pakai kapas peres sampai saudara laki air malah ke telinga
ardianitaap,mari begandengan
ardianitaap,tanda
ardianitaap,keplak cengel
ardianitaap,saudara laki kupas uang sik katah tuhan
ardianitaap,walikota jacob frey adil untuk george floyd tandatangani petisi via
ardianitaap,bulan cinta sudah
ardianitaap,tanda
ardianitaap,sabar paman kabeh ini ono dal bareng donga lan tawakal kabeh lalu
ardianitaap,sampai ketinggalan twitter sangar anda
ardianitaap,tidak anak saja
ardianitaap,gadis twitter sangar sangar rem
ardianitaap,saudara wanita awas
ardianitaap,atas
ardianitaap,inalilahi wak saim
ardianitaap,adil negri bengkal henti kriminalisasi masyarakat adat tandatangani petisi
ardianitaap,bantu misuh saja saudara laki semoga lekas ketemu
ardianitaap,bang
ardianitaap,sedih sekali nya bantu retweet saudara semoga orang yang tolong
ardianitaap,terjemah mau edan po saudara wanita dia online tunggu online tidak ngechat sekali inti itu tawa
ardianitaap,terimakasih saudara
ardianitaap,terimakasih saudara
ardianitaap,terimakasih saudara
ardianitaap,terimakasih saudara
ardianitaap,mes pesan langsung saudara
ardianitaap,bang bisa numpang barangkali longar rezeki bantu desa kaos kaos jual sumbang untuk tenaga medis di wilayah yogayakarta terimakasih
ardianitaap,minat pesan langsung terimakasih
ardianitaap,buka pre mes april untung kami donasi upa masker tenaga medis yogyakarta harga idr gratis masker kain spesifikasi kapas combed putih plascharge tinta
ardianitaap,total ikut dikit tidak niat buat mari bantu juang medis selalu aman juang lawan corona umur semua hal
ardianitaap,jijik sekali
ardianitaap,ra mesti
ardianitaap,saya sambat
ardianitaap,selamat ulang tahun saudara wanita nit doa baik semoga capai
ardianitaap,ayo
ardianitaap,tidak rasa martabak di cemil bareng habis tadarus
ardianitaap,congor basuh pakai air wudhu saudara laki
ardianitaap,tugas online muluk syukur ayo syukur sokor
ardianitaap,tanda
ardianitaap,dia lah pengirim kasi tulis lelah buat karya di buat baja pdf pula
ardianitaap,amin semoga lindung keluarga saudara wanita nit
ardianitaap,sedih sekali
ardianitaap,sepakbola indonesia putih hukum krisna adi tandatangani petisi
ardianitaap,sijine wedok sik benar apa kotor
ardianitaap,tuhan tidak bagus bagus tenan
ardianitaap,gatal air begitu karena bakteri pakai bedak shalicin
ardianitaap,cantik sekali kenapa
ardianitaap,proses layak manusia
ardianitaap,lingkar apa nich
ardianitaap,jebul le ngumumke utama suwi mergo gawe konsep ini jos nan
ardianitaap,mbok ganti klambi saudara wanita
ardianitaap,cari laki lagieh
ardianitaap,tresno sliramu saudara laki
ardianitaap,panci ini
ardianitaap,kiamat
ardianitaap,mau menang walau tidak peduli darah muda
ardianitaap,mari aji
ardianitaap,begitu saya ketawa
ardianitaap,kenapa
ardianitaap,bagus sekali wajib tonton
ardianitaap,mangkat
ardianitaap,luk kucing masya psikopat ya
ardianitaap,sepatu
ardianitaap,sekal perbarui
ardianitaap,sambat mulai
ardianitaap,sleman zona istimewa yogyakarta
ardianitaap,halah
ardianitaap,sesat
ardianitaap,hilang dal
ardianitaap,pancen udu dal
ardianitaap,sayang semangat
ardianitaap,cangkeman
ardianitaap,menget pee
ardianitaap,saya fine dan anda
ardianitaap,ayo kono misuh og misuh dari iman
ardianitaap,tidak plenteng maguwo anda
ardianitaap,baik rasah tonton cerita nabi nabi ro saja ayo saudara wanita maguwo
ardianitaap,bangke tawa
ardianitaap,cemar ini
ardianitaap,tidak menstruasi
ardianitaap,azab
ardianitaap,masya semoga rezeki selalu alir ya saudara wanita semoga tetap panutan buat saudara wanita awkarin cinta anda
ardianitaap,ngopo rek
ardianitaap,tawa gelut ayo
ardianitaap,rasah kode
ardianitaap,sayang
ardianitaap,lak waton tawa
ardianitaap,nenek kalah saya lak dadi ngene
ardianitaap,cerewet bebaz
ardianitaap,ru sik demo koe rasah cuk kon
ardianitaap,saudara laki lamar dong
ardianitaap,mboh pikir
ardianitaap,wajib
ardianitaap,ole saudara
ardianitaap,saiki mutung ro koe
ardianitaap,mantap
ardianitaap,prioritas tai
ardianitaap,mantan bahagia
ardianitaap,kenapa tawa
ardianitaap,sayang ayo jalan
ardianitaap,enak saudara
ardianitaap,idam
ardianitaap,lindu sayang
ardianitaap,budak cinta bajing
ardianitaap,sayap nyawang gagah saudara wanita duwur kenapa sudah obong
ardianitaap,uwes untuk
ardianitaap,panci seperti pacar dilema dilema muluk
ardianitaap,di jalan maz
ardianitaap,laf
ardianitaap,madang peng pria kiro kencan
ardianitaap,dasar pria
ardianitaap,tidak pria nerima gadis cinta bola pikir pacar kenapa yang cemburuin tidak suporter tanya siapa cepat pulang itu gaktau kebahagian sudut padang wanita cinta bola maz
ardianitaap,pengang erat tidak bukti dia lepas
ardianitaap,jancuk anda
ardianitaap,em bisa jadi cuma teman
ardianitaap,tidak belai japape jadi gin
ardianitaap,tambah cintak
ardianitaap,cinta anda itu begitu
ardianitaap,cinta anda
ardianitaap,rasah macak cidro anda iseh saudara wanita kandung
ardianitaap,anak cantik tua cantik islam lepas solat isyak baca surah al fatihah ayat kursi surah al waqiah ayat sebar ini
ardianitaap,ojo nakal maz
ardianitaap,siapa le nakal koe maz omong
ardianitaap,kartoyono
ardianitaap,tawa pe jelaske tolong
ardianitaap,tawa maluk
ardianitaap,bedel dama tawa
ardianitaap,sayap wees nembak tur tolak
ardianitaap,tawa
ardianitaap,tawa kuwi nembung ibu hindun syek
ardianitaap,tawa japape lee dadi babine
ardianitaap,bojone lemu sok japape ki
ardianitaap,yowes pokok saudara wanita ngisor ringin syek
ardianitaap,mangkelin
ardianitaap,cendol dawet sor ringin gas
ardianitaap,ayo ngene nenek lanang ra gelem juang
ardianitaap,yowes madang dewe
ardianitaap,koe moro omah
ardianitaap,madang saja toilet
ardianitaap,fakboi
ardianitaap,gah saiki putus
ardianitaap,gas
ardianitaap,uang anda entek ngo skripsi manis po
ardianitaap,ayo gas
ardianitaap,piepie tetap sayang
ardianitaap,di jalan
ardianitaap,teryata egois
ardianitaap,saudara laki
ardianitaap,tawa sah omong
ardianitaap,hai puasa wee ngejak batal trz
ardianitaap,saya putus tidak jadi
ardianitaap,tuhan tidak tidak ksb
ardianitaap,mantan tawa
ardianitaap,ivan gendak japepe itu
ardianitaap,saudara wanita vita dungs ajak tawa
ardianitaap,tidak wacana realisme
ardianitaap,tawa ayo buber wacana ini
ardianitaap,yang meetup tawa
ardianitaap,tawa dong agar instagramable
ardianitaap,tawa inces anda ces
ardianitaap,whatsapp syedih
